Model,Accuracy,Precision,Recall,F1-Score
MultinomialNB,0.9796905222437138,0.9435483870967742,0.8931297709923665,0.9176470588235294
